User,Message
WhiteWolf21,"HAHAsssssssssssssssssssssssssssssssssssssssssssssssssssssssssssss"
Nhan,"HUHUsssssssssssssssssssssssssssssssssssssssssssssssssssssssssssssssssss"
WhiteWolf21,"HAHA"
Nhan,"HUHU"
WhiteWolf21,"HAHA"
Nhan,"HUHU"
WhiteWolf21,"HAHA"
Nhan,"HUHU"
WhiteWolf21,"HAHA"
Nhan,"HUHU"
WhiteWolf21,"HAHA"
Nhan,"HUHU"
WhiteWolf21,"HAHA"
Nhan,"HUHU"
WhiteWolf21,"HAHA"
Nhan,"HUHU"
WhiteWolf21,"HAHA"
Nhan,"HUHU"
WhiteWolf21,"HAHA"
Nhan,"HUHU"
WhiteWolf21,"HAHA"
Nhan,"HUHU"
WhiteWolf21,"HAHA"
Nhan,"HUHU"
WhiteWolf21,"HAHA"
Nhan,"HUHU"
WhiteWolf21,"HAHA"
Nhan,"HUHU"
WhiteWolf21,"HAHA"
Nhan,"HUHU"
WhiteWolf21,"HAHA"
Nhan,"HUHU"
WhiteWolf21,"HAHA"
Nhan,"HUHU"
WhiteWolf21,"HAHA"
Nhan,"HUHU"
WhiteWolf21,"HAHA"
Nhan,"HUHU"
WhiteWolf21,"HAHA"
Nhan,"HUHU"
WhiteWolf21,"HAHA"
Nhan,"HUHU"
WhiteWolf21,"HAHA"
Nhan,"HUHU"
WhiteWolf21,"HAHA"
Nhan,"HUHU"
WhiteWolf21,"HAHA"
Nhan,"HUHU"
WhiteWolf21,"HAHA"
Nhan,"HUHU"
WhiteWolf21,"HAHA"
Nhan,"HUHU"
WhiteWolf21,"HAHA"
Nhan,"HUHU"
WhiteWolf21,"HAHA"
Nhan,"HUHU"
WhiteWolf21,"HAHA"
Nhan,"HUHU"
WhiteWolf21,"HAHA"
Nhan,"HUHU"
WhiteWolf21,"HAHA"
Nhan,"HUHU"